{
    "activeDuration": 1.4199999570846558,
    "attackID": 0,
    "attackName": "Mihon_0",
    "branchComboIDs": [],
    "cameraShakeDuration": 0.0,
    "cameraShakeIntensity": 0.0,
    "canComboToNext": true,
    "comboWindowTime": 1.0,
    "cooldownTime": 0.30000001192092896,
    "curveSegments": 20,
    "description": "",
    "endRotation": [
        0.42073550820350647,
        0.42073550820350647,
        -0.22984886169433594,
        0.7701511383056641
    ],
    "hitSoundName": "",
    "moveSpeedMultiplier": 1.0,
    "nextComboID": 1,
    "particleEffectName": "WeaponAttack",
    "particleOffset": [
        0.0,
        0.0,
        0.0
    ],
    "rootMotion": [
        0.0,
        0.0,
        0.0
    ],
    "showTrajectory": true,
    "startRotation": [
        0.0,
        0.0,
        0.0,
        1.0
    ],
    "swingSoundName": "",
    "trajectoryColor": [
        1.0,
        0.0,
        0.0
    ],
    "trajectoryPoints": [
        {
            "position": [
                -8.0,
                7.199999809265137,
                0.0
            ],
            "time": 0.0
        },
        {
            "position": [
                6.900000095367432,
                4.099999904632568,
                8.0
            ],
            "time": 0.5199999809265137
        },
        {
            "position": [
                12.800000190734863,
                -7.300000190734863,
                0.0
            ],
            "time": 0.7799999713897705
        },
        {
            "position": [
                4.800000190734863,
                8.199999809265137,
                0.0
            ],
            "time": 1.0
        }
    ],
    "useRotationCurve": false,
    "weaponLength": 8.0
}