{
    "activeDuration": 1.440000057220459,
    "attackID": 1,
    "attackName": "Mihon_1",
    "branchComboIDs": [],
    "cameraShakeDuration": 0.0,
    "cameraShakeIntensity": 0.0,
    "canComboToNext": false,
    "comboWindowTime": 1.0,
    "cooldownTime": 0.30000001192092896,
    "curveSegments": 20,
    "description": "",
    "endRotation": [
        0.22984886169433594,
        -0.42073550820350647,
        0.42073550820350647,
        0.7701511383056641
    ],
    "hitSoundName": "",
    "moveSpeedMultiplier": 1.0,
    "nextComboID": -1,
    "particleEffectName": "WeaponAttack",
    "particleOffset": [
        0.0,
        0.0,
        0.0
    ],
    "rootMotion": [
        0.0,
        0.0,
        0.0
    ],
    "showTrajectory": true,
    "startRotation": [
        0.0,
        0.4794255495071411,
        0.0,
        0.8775825500488281
    ],
    "swingSoundName": "",
    "trajectoryColor": [
        1.0,
        0.0,
        0.0
    ],
    "trajectoryPoints": [
        {
            "position": [
                8.0,
                5.0,
                3.0
            ],
            "time": 0.0
        },
        {
            "position": [
                -34.5,
                5.199999809265137,
                3.0
            ],
            "time": 0.5
        },
        {
            "position": [
                30.100000381469727,
                0.30000001192092896,
                3.0
            ],
            "time": 0.6399999856948853
        },
        {
            "position": [
                0.0,
                0.0,
                0.0
            ],
            "time": 1.0
        }
    ],
    "useRotationCurve": false,
    "weaponLength": 8.0
}