{
    "activeDuration": 0.30000001192092896,
    "attackID": 0,
    "attackName": "Attack_0",
    "branchComboIDs": [],
    "cameraShakeDuration": 0.0,
    "cameraShakeIntensity": 0.0,
    "canComboToNext": true,
    "comboWindowTime": 0.20000000298023224,
    "cooldownTime": 0.05000000074505806,
    "curveSegments": 20,
    "description": "横なぎ",
    "endRotation": [
        0.0,
        0.29552021622657776,
        0.0,
        0.9553365111351013
    ],
    "hitSoundName": "",
    "moveSpeedMultiplier": 0.2800000011920929,
    "nextComboID": 1,
    "particleEffectName": "WeaponAttack",
    "particleOffset": [
        0.0,
        0.0,
        0.0
    ],
    "rootMotion": [
        0.0,
        0.0,
        0.0
    ],
    "showTrajectory": true,
    "startRotation": [
        0.0,
        -0.29552021622657776,
        0.0,
        0.9553365111351013
    ],
    "swingSoundName": "",
    "trajectoryColor": [
        1.0,
        0.0,
        0.0
    ],
    "trajectoryPoints": [
        {
            "position": [
                -8.0,
                0.0,
                0.0
            ],
            "time": 0.0
        },
        {
            "position": [
                0.0,
                0.0,
                17.0
            ],
            "time": 0.38999998569488525
        },
        {
            "position": [
                8.0,
                0.0,
                0.0
            ],
            "time": 1.0
        }
    ],
    "useRotationCurve": true,
    "weaponLength": 9.800000190734863
}