{
    "activeDuration": 0.4000000059604645,
    "attackID": 2,
    "attackName": "Attack_2",
    "branchComboIDs": [],
    "cameraShakeDuration": 0.0,
    "cameraShakeIntensity": 0.0,
    "canComboToNext": false,
    "comboWindowTime": 1.0,
    "cooldownTime": 0.10000000149011612,
    "curveSegments": 20,
    "description": "縦振り",
    "endRotation": [
        0.0998334214091301,
        0.0,
        0.0,
        0.9950041770935059
    ],
    "hitSoundName": "",
    "moveSpeedMultiplier": 0.4000000059604645,
    "nextComboID": -1,
    "particleEffectName": "WeaponAttack",
    "particleOffset": [
        0.0,
        0.0,
        0.0
    ],
    "rootMotion": [
        0.0,
        0.0,
        0.0
    ],
    "showTrajectory": true,
    "startRotation": [
        -0.4794255495071411,
        0.0,
        0.0,
        0.8775825500488281
    ],
    "swingSoundName": "",
    "trajectoryColor": [
        1.0,
        0.0,
        0.0
    ],
    "trajectoryPoints": [
        {
            "position": [
                0.0,
                8.5,
                0.0
            ],
            "time": 0.0
        },
        {
            "position": [
                0.0,
                10.699999809265137,
                8.0
            ],
            "time": 0.10999999940395355
        },
        {
            "position": [
                0.0,
                0.0,
                9.800000190734863
            ],
            "time": 1.0
        }
    ],
    "useRotationCurve": false,
    "weaponLength": 8.0
}