{
    "advanced": {
        "clearOnStop": true,
        "colorGradient": {
            "colorBlendCurve": 1.0,
            "oscillateColor": false,
            "primaryColor": [
                0.20000000298023224,
                0.800000011920929,
                1.0,
                1.0
            ],
            "secondaryColor": [
                1.0,
                0.8999999761581421,
                0.30000001192092896,
                1.0
            ],
            "useGradient": false
        },
        "emissionPattern": {
            "particlesPerEmit": 5,
            "pattern": "Sphere",
            "patternAngle": 0.0,
            "patternRadius": 0.25
        },
        "isTrajectoryParticle": false,
        "motion": {
            "billboardRotationSpeed": 10.0,
            "enableBillboardRotation": false,
            "enableSwirling": false,
            "expansionRate": 0.800000011920929,
            "followEmitter": false,
            "followStrength": 1.0,
            "rotationInfluence": 1.2000000476837158,
            "swirlingSpeed": 3.0,
            "useRotationInfluence": true,
            "velocityDamping": 0.949999988079071
        },
        "scaleAnimation": {
            "endScale": 0.10000000149011612,
            "maxScale": 1.5,
            "startScale": 0.30000001192092896,
            "type": "Bounce"
        },
        "trailSpacing": 0.00800000037997961
    },
    "appearance": {
        "endColor": [
            1.0,
            0.0,
            0.936708927154541,
            1.0
        ],
        "endScale": [
            0.5,
            0.5,
            0.5
        ],
        "startColor": [
            1.0,
            0.9873417615890503,
            0.0,
            1.0
        ],
        "startScaleMax": [
            0.9100000262260437,
            0.8899999856948853,
            0.8700000047683716
        ],
        "startScaleMin": [
            0.5,
            0.5,
            0.5
        ],
        "texturePath": "Spark",
        "useColorGradient": true,
        "useScaleAnimation": false
    },
    "emission": {
        "burstCount": 0,
        "emissionRate": 34.900001525878906,
        "frequency": 0.1899999976158142,
        "isBurst": false,
        "lifetimeMax": 2.0,
        "lifetimeMin": 1.0
    },
    "maxInstance": 200,
    "modelName": "plane",
    "name": "EnemyAttack",
    "physics": {
        "acceleration": [
            0.0,
            0.0,
            0.0
        ],
        "explosionRange": [
            10.0,
            1.0,
            10.0
        ],
        "gravity": -12.399999618530273,
        "upwardForce": 3.4000000953674316,
        "useRandomVelocity": true,
        "velocityMax": [
            1.0,
            5.0,
            1.0
        ],
        "velocityMin": [
            -1.0,
            1.0,
            -1.0
        ]
    },
    "rotation": {
        "enableRotation": true,
        "randomRotation": true,
        "rotationSpeedMax": [
            6.5,
            6.900000095367432,
            6.099999904632568
        ],
        "rotationSpeedMin": [
            -7.5,
            -6.099999904632568,
            -5.800000190734863
        ]
    },
    "shape": "None"
}