{
    "advanced": {
        "clearOnStop": true,
        "colorGradient": {
            "colorBlendCurve": 1.0,
            "oscillateColor": false,
            "primaryColor": [
                0.20000000298023224,
                0.800000011920929,
                1.0,
                1.0
            ],
            "secondaryColor": [
                1.0,
                0.8999999761581421,
                0.30000001192092896,
                1.0
            ],
            "useGradient": false
        },
        "emissionPattern": {
            "particlesPerEmit": 5,
            "pattern": "Sphere",
            "patternAngle": 0.0,
            "patternRadius": 0.25
        },
        "isTrajectoryParticle": false,
        "motion": {
            "billboardRotationSpeed": 3.0,
            "enableBillboardRotation": true,
            "enableSwirling": false,
            "expansionRate": 0.800000011920929,
            "followEmitter": false,
            "followStrength": 1.0,
            "rotationInfluence": 1.2000000476837158,
            "swirlingSpeed": 7.900000095367432,
            "useRotationInfluence": false,
            "velocityDamping": 0.8180000185966492
        },
        "scaleAnimation": {
            "endScale": 0.10000000149011612,
            "maxScale": 1.5,
            "startScale": 0.30000001192092896,
            "type": "Bounce"
        },
        "trailSpacing": 0.00800000037997961
    },
    "appearance": {
        "endColor": [
            0.8776371479034424,
            0.3343580365180969,
            0.17404617369174957,
            0.686274528503418
        ],
        "endScale": [
            0.5,
            0.5,
            0.5
        ],
        "startColor": [
            0.47679322957992554,
            0.0,
            0.0,
            1.0
        ],
        "startScaleMax": [
            4.0,
            4.0,
            4.0
        ],
        "startScaleMin": [
            4.0,
            4.0,
            4.0
        ],
        "texturePath": "gradationLine",
        "useColorGradient": true,
        "useScaleAnimation": true
    },
    "emission": {
        "burstCount": 3,
        "emissionRate": 10.0,
        "frequency": 0.10000000149011612,
        "isBurst": false,
        "lifetimeMax": 0.800000011920929,
        "lifetimeMin": 0.5
    },
    "maxInstance": 100,
    "modelName": "plane",
    "name": "EnemyPrePareAttackCharge",
    "physics": {
        "acceleration": [
            0.0,
            0.0,
            0.0
        ],
        "explosionRange": [
            0.0,
            0.0,
            0.0
        ],
        "gravity": 0.0,
        "upwardForce": 0.0,
        "useRandomVelocity": false,
        "velocityMax": [
            1.0,
            5.0,
            1.0
        ],
        "velocityMin": [
            0.0,
            0.0,
            0.0
        ]
    },
    "rotation": {
        "enableRotation": true,
        "initialRotationMax": [
            5.0,
            5.0,
            0.0
        ],
        "initialRotationMin": [
            5.0,
            0.0,
            0.0
        ],
        "randomInitialRotation": true,
        "randomRotation": false,
        "rotationSpeedMax": [
            0.0,
            0.0,
            0.0
        ],
        "rotationSpeedMin": [
            0.0,
            0.0,
            0.0
        ]
    },
    "shape": "Circle"
}