{
    "advanced": {
        "clearOnStop": true,
        "colorGradient": {
            "colorBlendCurve": 1.0,
            "oscillateColor": false,
            "primaryColor": [
                0.20000000298023224,
                0.800000011920929,
                1.0,
                1.0
            ],
            "secondaryColor": [
                1.0,
                0.8999999761581421,
                0.30000001192092896,
                1.0
            ],
            "useGradient": false
        },
        "emissionPattern": {
            "particlesPerEmit": 5,
            "pattern": "Sphere",
            "patternAngle": 0.0,
            "patternRadius": 0.25
        },
        "isTrajectoryParticle": true,
        "motion": {
            "billboardRotationSpeed": 3.0,
            "enableBillboardRotation": true,
            "enableSwirling": false,
            "expansionRate": 0.800000011920929,
            "followEmitter": true,
            "followStrength": 0.382999986410141,
            "rotationInfluence": 1.2000000476837158,
            "swirlingSpeed": 3.0,
            "useRotationInfluence": false,
            "velocityDamping": 0.949999988079071
        },
        "scaleAnimation": {
            "endScale": 0.10000000149011612,
            "maxScale": 1.5,
            "startScale": 0.30000001192092896,
            "type": "Bounce"
        },
        "trailSpacing": 0.00800000037997961
    },
    "appearance": {
        "endColor": [
            0.1764705926179886,
            0.0470588244497776,
            0.4431372582912445,
            0.8039215803146362
        ],
        "endScale": [
            0.5,
            0.5,
            0.5
        ],
        "startColor": [
            0.3797469139099121,
            0.0,
            1.0,
            1.0
        ],
        "startScaleMax": [
            0.800000011920929,
            0.800000011920929,
            0.800000011920929
        ],
        "startScaleMin": [
            0.5,
            0.5,
            0.5
        ],
        "texturePath": "Spark",
        "useColorGradient": true,
        "useScaleAnimation": true
    },
    "emission": {
        "burstCount": 0,
        "emissionRate": 10.0,
        "frequency": 0.5,
        "isBurst": false,
        "lifetimeMax": 1.0,
        "lifetimeMin": 0.20000000298023224
    },
    "maxInstance": 100,
    "modelName": "plane",
    "name": "LongEnemyAttack",
    "physics": {
        "acceleration": [
            0.0,
            0.0,
            0.0
        ],
        "explosionRange": [
            0.5,
            0.5,
            0.5
        ],
        "gravity": 0.0,
        "upwardForce": 0.0,
        "useRandomVelocity": true,
        "velocityMax": [
            1.0,
            2.0,
            1.0
        ],
        "velocityMin": [
            -1.0,
            1.0,
            -1.0
        ]
    },
    "rotation": {
        "enableRotation": false,
        "initialRotationMax": [
            0.0,
            0.0,
            0.0
        ],
        "initialRotationMin": [
            0.0,
            0.0,
            0.0
        ],
        "randomInitialRotation": false,
        "randomRotation": false,
        "rotationSpeedMax": [
            0.0,
            0.0,
            0.0
        ],
        "rotationSpeedMin": [
            0.0,
            0.0,
            0.0
        ]
    },
    "shape": "None"
}