{
    "appearance": {
        "endColor": [
            0.0,
            0.498744934797287,
            0.6793248653411865,
            1.0
        ],
        "endScale": [
            0.5,
            0.5,
            0.5
        ],
        "startColor": [
            0.7594937086105347,
            1.0,
            0.0,
            1.0
        ],
        "startScaleMax": [
            1.0,
            1.0,
            1.0
        ],
        "startScaleMin": [
            1.0,
            1.0,
            1.0
        ],
        "texturePath": "circle",
        "useColorGradient": true,
        "useScaleAnimation": false
    },
    "emission": {
        "burstCount": 118,
        "emissionRate": 10.0,
        "frequency": 0.5,
        "isBurst": true,
        "lifetimeMax": 7.599999904632568,
        "lifetimeMin": 2.799999952316284
    },
    "maxInstance": 199,
    "modelName": "plane",
    "name": "NewParticle",
    "physics": {
        "acceleration": [
            0.0,
            0.0,
            0.0
        ],
        "explosionRadius": 2.0,
        "gravity": -7.099999904632568,
        "upwardForce": 12.399999618530273,
        "useRandomVelocity": false,
        "velocityMax": [
            1.0,
            5.0,
            1.0
        ],
        "velocityMin": [
            8.600000381469727,
            11.399999618530273,
            3.0999999046325684
        ]
    },
    "rotation": {
        "enableRotation": true,
        "randomRotation": true,
        "rotationSpeedMax": [
            0.0,
            4.900000095367432,
            0.0
        ],
        "rotationSpeedMin": [
            0.0,
            -2.0999999046325684,
            0.0
        ]
    },
    "shape": "None"
}