{
    "advanced": {
        "clearOnStop": true,
        "colorGradient": {
            "colorBlendCurve": 1.0,
            "oscillateColor": false,
            "primaryColor": [
                0.20000000298023224,
                0.800000011920929,
                1.0,
                1.0
            ],
            "secondaryColor": [
                1.0,
                0.8999999761581421,
                0.30000001192092896,
                1.0
            ],
            "useGradient": false
        },
        "emissionPattern": {
            "particlesPerEmit": 5,
            "pattern": "Sphere",
            "patternAngle": 0.0,
            "patternRadius": 0.25
        },
        "isTrajectoryParticle": true,
        "motion": {
            "billboardRotationSpeed": 3.0,
            "enableBillboardRotation": true,
            "enableSwirling": false,
            "expansionRate": 0.800000011920929,
            "followEmitter": false,
            "followStrength": 1.0,
            "rotationInfluence": 1.2000000476837158,
            "swirlingSpeed": 3.0,
            "useRotationInfluence": false,
            "velocityDamping": 0.5080000162124634
        },
        "scaleAnimation": {
            "endScale": 0.10000000149011612,
            "maxScale": 1.5,
            "startScale": 0.30000001192092896,
            "type": "Bounce"
        },
        "trailSpacing": 0.00800000037997961
    },
    "appearance": {
        "endColor": [
            0.8776371479034424,
            0.6758410334587097,
            0.1184995248913765,
            0.6705882549285889
        ],
        "endScale": [
            0.4000000059604645,
            0.4000000059604645,
            0.4000000059604645
        ],
        "startColor": [
            0.9409282803535461,
            0.7546824812889099,
            0.07543307542800903,
            1.0
        ],
        "startScaleMax": [
            0.800000011920929,
            0.800000011920929,
            0.800000011920929
        ],
        "startScaleMin": [
            0.20000000298023224,
            0.20000000298023224,
            0.20000000298023224
        ],
        "texturePath": "",
        "useColorGradient": true,
        "useScaleAnimation": true
    },
    "emission": {
        "burstCount": 0,
        "emissionRate": 10.0,
        "frequency": 0.5,
        "isBurst": false,
        "lifetimeMax": 1.0,
        "lifetimeMin": 0.5
    },
    "maxInstance": 100,
    "modelName": "cube",
    "name": "PlayerWarke",
    "physics": {
        "acceleration": [
            0.0,
            0.0,
            0.0
        ],
        "explosionRange": [
            1.0,
            1.0,
            1.0
        ],
        "gravity": -18.799999237060547,
        "upwardForce": 50.0,
        "useRandomVelocity": true,
        "velocityMax": [
            4.0,
            12.0,
            4.0
        ],
        "velocityMin": [
            -4.0,
            8.0,
            -4.0
        ]
    },
    "rotation": {
        "enableRotation": false,
        "initialRotationMax": [
            0.0,
            0.0,
            0.0
        ],
        "initialRotationMin": [
            0.0,
            0.0,
            0.0
        ],
        "randomInitialRotation": false,
        "randomRotation": false,
        "rotationSpeedMax": [
            0.0,
            0.0,
            0.0
        ],
        "rotationSpeedMin": [
            0.0,
            0.0,
            0.0
        ]
    },
    "shape": "None"
}