{
    "advanced": {
        "clearOnStop": true,
        "colorGradient": {
            "colorBlendCurve": 1.0,
            "oscillateColor": true,
            "primaryColor": [
                0.20000000298023224,
                0.800000011920929,
                1.0,
                1.0
            ],
            "secondaryColor": [
                1.0,
                0.8999999761581421,
                0.30000001192092896,
                1.0
            ],
            "useGradient": true
        },
        "emissionPattern": {
            "particlesPerEmit": 6,
            "pattern": "Trail",
            "patternAngle": 45.0,
            "patternRadius": 0.25
        },
        "isTrajectoryParticle": true,
        "motion": {
            "billboardRotationSpeed": 3.0,
            "enableBillboardRotation": true,
            "enableSwirling": true,
            "expansionRate": 0.800000011920929,
            "followEmitter": true,
            "followStrength": 0.014999999664723873,
            "rotationInfluence": 2.299999952316284,
            "swirlingSpeed": 3.0,
            "useRotationInfluence": true,
            "velocityDamping": 0.949999988079071
        },
        "scaleAnimation": {
            "endScale": 0.10000000149011612,
            "maxScale": 1.5,
            "startScale": 0.30000001192092896,
            "type": "Bounce"
        },
        "trailSpacing": 0.0010000000474974513
    },
    "appearance": {
        "endColor": [
            1.0,
            0.0,
            0.0,
            1.0
        ],
        "endScale": [
            0.5,
            0.5,
            0.5
        ],
        "startColor": [
            1.0,
            0.6329113841056824,
            0.0,
            1.0
        ],
        "startScaleMax": [
            1.0,
            1.0,
            1.0
        ],
        "startScaleMin": [
            1.0,
            1.0,
            1.0
        ],
        "texturePath": "circle2",
        "useColorGradient": true,
        "useScaleAnimation": false
    },
    "emission": {
        "burstCount": 0,
        "emissionRate": 34.599998474121094,
        "frequency": 0.05000000074505806,
        "isBurst": false,
        "lifetimeMax": 0.800000011920929,
        "lifetimeMin": 0.4000000059604645
    },
    "maxInstance": 200,
    "modelName": "triangle",
    "name": "WeaponAttack",
    "physics": {
        "acceleration": [
            0.0,
            0.0,
            0.0
        ],
        "explosionRadius": 1.0,
        "gravity": 0.0,
        "upwardForce": 0.0,
        "useRandomVelocity": true,
        "velocityMax": [
            0.0,
            2.0,
            0.0
        ],
        "velocityMin": [
            0.0,
            1.0,
            0.0
        ]
    },
    "rotation": {
        "enableRotation": true,
        "randomRotation": true,
        "rotationSpeedMax": [
            3.5,
            0.0,
            0.0
        ],
        "rotationSpeedMin": [
            0.0,
            0.0,
            -4.699999809265137
        ]
    },
    "shape": "None"
}